{"q_liq": [10.0, 20.0, 30.0, 40.0, 50.0, 60.0, 70.0, 80.0, 90.0, 100.0, 110.00000000000001, 120.0, 130.0, 140.0, 150.0, 160.0, 169.99999999999997, 180.0, 190.0, 200.0, 210.0, 220.00000000000003, 230.0, 240.0, 250.0, 260.0, 270.0, 280.0, 290.0, 300.0, 310.0, 320.0, 330.0, 339.99999999999994, 350.0, 360.0, 370.0, 380.0, 389.99999999999994, 400.0], "p_wf": [101.25752271633965, 83.08738204942962, 73.05379299565179, 66.32592406326812, 61.32454318973011, 57.39126703219827, 54.21017290063061, 51.61164887831823, 49.490535614368135, 47.76838785991147, 46.377591025652784, 45.25718483452609, 43.93923355275684, 42.55381054349677, 41.62648906899188, 41.06835978708235, 40.81684214681885, 40.82769165808723, 41.069468057505, 41.51973999102905, 42.1624826433656, 42.98628416461889, 43.98309859353831, 45.14736920864369, 46.47540480318061, 47.96493035122426, 49.61475926292057, 51.42455141436926, 53.39401062138454, 55.52439380420242, 57.81700868594694, 60.27345298957328, 62.89560640532259, 65.6855821278481, 68.64568860554454, 71.77839911683687, 75.08632739526378, 77.99152531567603, 80.16401964178914, 82.3942869907318]}